Nama,Link
Salafy,https://t.me/forumsalafy
SMR,https://t.me/salafy_malangraya
Kajian SMR,https://t.me/kajiankotamalang
Kajian Islam Timur,https://t.me/kajianislamngawitimur
Kajian Islam Batu,https://t.me/PONPES_ASSUNNAH_BATU
Annajiyah,https://t.me/annajiyahdesign
Thoriqus Salaf,https://t.me/thoriqussalaf
Ahlus Sunnah Malang,https://t.me/ahlussunnahmalang
Forum Berbagi Faedah,https://t.me/ForumBerbagiFaidah
Salafy Bugis,https://t.me/ikhwanbugis
Kajian Kota Malang,https://t.me/kajiankotamalang
